id,ancient,species,sample,library,paired,fastq1,fastq2,fasta,sra,adapterFile
3243,false,Y.pestis,3243,3243,true,/pasteur/zeus/projets/p02/phylo_yersinia/guillem/genomes/SRR10912556_1.fastq.gz,/pasteur/zeus/projets/p02/phylo_yersinia/guillem/genomes/SRR10912556_2.fastq.gz,,,/pasteur/zeus/projets/p02/Hotpaleo/adrien/Projets/GENOMES/list_adapt_for_removal_paired.txt
3256,false,Y.pestis,3256,3256,true,/pasteur/zeus/projets/p02/phylo_yersinia/guillem/genomes/SRR10912555_1.fastq.gz,/pasteur/zeus/projets/p02/phylo_yersinia/guillem/genomes/SRR10912555_2.fastq.gz,,,/pasteur/zeus/projets/p02/Hotpaleo/adrien/Projets/GENOMES/list_adapt_for_removal_paired.txt
3304,false,Y.pestis,3304,3304,true,/pasteur/zeus/projets/p02/phylo_yersinia/guillem/genomes/SRR10961165_1.fastq.gz,/pasteur/zeus/projets/p02/phylo_yersinia/guillem/genomes/SRR10961165_2.fastq.gz,,,/pasteur/zeus/projets/p02/Hotpaleo/adrien/Projets/GENOMES/list_adapt_for_removal_paired.txt
3305,false,Y.pestis,3305,3305,true,/pasteur/zeus/projets/p02/phylo_yersinia/guillem/genomes/SRR10961164_1.fastq.gz,/pasteur/zeus/projets/p02/phylo_yersinia/guillem/genomes/SRR10961164_2.fastq.gz,,,/pasteur/zeus/projets/p02/Hotpaleo/adrien/Projets/GENOMES/list_adapt_for_removal_paired.txt
3306,false,Y.pestis,3306,3306,true,/pasteur/zeus/projets/p02/phylo_yersinia/guillem/genomes/SRR10961163_1.fastq.gz,/pasteur/zeus/projets/p02/phylo_yersinia/guillem/genomes/SRR10961163_2.fastq.gz,,,/pasteur/zeus/projets/p02/Hotpaleo/adrien/Projets/GENOMES/list_adapt_for_removal_paired.txt
3307,false,Y.pestis,3307,3307,true,/pasteur/zeus/projets/p02/phylo_yersinia/guillem/genomes/SRR10961162_1.fastq.gz,/pasteur/zeus/projets/p02/phylo_yersinia/guillem/genomes/SRR10961162_2.fastq.gz,,,/pasteur/zeus/projets/p02/Hotpaleo/adrien/Projets/GENOMES/list_adapt_for_removal_paired.txt
3309,false,Y.pestis,3309,3309,true,/pasteur/zeus/projets/p02/phylo_yersinia/guillem/genomes/SRR10961161_1.fastq.gz,/pasteur/zeus/projets/p02/phylo_yersinia/guillem/genomes/SRR10961161_2.fastq.gz,,,/pasteur/zeus/projets/p02/Hotpaleo/adrien/Projets/GENOMES/list_adapt_for_removal_paired.txt
3310,false,Y.pestis,3310,3310,true,/pasteur/zeus/projets/p02/phylo_yersinia/guillem/genomes/SRR10961160_1.fastq.gz,/pasteur/zeus/projets/p02/phylo_yersinia/guillem/genomes/SRR10961160_2.fastq.gz,,,/pasteur/zeus/projets/p02/Hotpaleo/adrien/Projets/GENOMES/list_adapt_for_removal_paired.txt
RF2,false,Y.pestis,Angola,Angola,true,,,/pasteur/zeus/projets/p02/phylo_yersinia/guillem/genomes/Rawdata_PublicDB_test_Nextflow/SE_PE1/GCA_000834845.1_ASM83484v1_genomic.fna.gz,,/pasteur/zeus/projets/p02/Hotpaleo/adrien/Projets/GENOMES/list_adapt_for_removal_paired.txt
RF4,false,Y.pestis,Antiqua_UG05,Antiqua_UG05,true,,,/pasteur/zeus/projets/p02/phylo_yersinia/guillem/genomes/Rawdata_PublicDB_test_Nextflow/SE_PE1/GCA_000169615.1_ASM16961v1_genomic.fna.gz,,/pasteur/zeus/projets/p02/Hotpaleo/adrien/Projets/GENOMES/list_adapt_for_removal_paired.txt
RF6,false,Y.pestis,CO92,CO92,true,,,/pasteur/zeus/projets/p02/phylo_yersinia/guillem/genomes/Rawdata_PublicDB_test_Nextflow/SE_PE1/GCA_000009065.1_ASM906v1_genomic.fna.gz,,/pasteur/zeus/projets/p02/Hotpaleo/adrien/Projets/GENOMES/list_adapt_for_removal_paired.txt
F1953005,false,Y.pestis,F1953005,Enterobase_assembly,true,,,/pasteur/zeus/projets/p02/phylo_yersinia/guillem/genomes/F1953005.fasta,,/pasteur/zeus/projets/p02/Hotpaleo/adrien/Projets/GENOMES/list_adapt_for_removal_paired.txt
F1955003,false,Y.pestis,F1955003,Enterobase_assembly,true ,,,/pasteur/zeus/projets/p02/phylo_yersinia/guillem/genomes/F1955003.fasta,,/pasteur/zeus/projets/p02/Hotpaleo/adrien/Projets/GENOMES/list_adapt_for_removal_paired.txt
F1984004,false,Y.pestis,F1984004,Enterobase_assembly,true ,,,/pasteur/zeus/projets/p02/phylo_yersinia/guillem/genomes/F1984004.fasta,,/pasteur/zeus/projets/p02/Hotpaleo/adrien/Projets/GENOMES/list_adapt_for_removal_paired.txt
F2000004,false,Y.pestis,F2000004,Enterobase_assembly,true ,,,/pasteur/zeus/projets/p02/phylo_yersinia/guillem/genomes/F2000004.fasta,,/pasteur/zeus/projets/p02/Hotpaleo/adrien/Projets/GENOMES/list_adapt_for_removal_paired.txt
RS76,true,Y.pestis,RISE505,ERX1097885,false,/pasteur/zeus/projets/p02/phylo_yersinia/guillem/genomes/Rawdata_PublicDB_test_Nextflow/SE_PE1/ERR1018947.fastq.gz,,,,/pasteur/zeus/projets/p02/Hotpaleo/adrien/Projets/GENOMES/list_adapt_for_removal_single.txt
RS105,true,Y.pestis,RISE505,ERX1097886,false,/pasteur/zeus/projets/p02/phylo_yersinia/guillem/genomes/Rawdata_PublicDB_test_Nextflow/SE_PE1/ERR1018948.fastq.gz,,,,/pasteur/zeus/projets/p02/Hotpaleo/adrien/Projets/GENOMES/list_adapt_for_removal_single.txt
RS134,true,Y.pestis,RISE505,ERX1097887,false,/pasteur/zeus/projets/p02/phylo_yersinia/guillem/genomes/Rawdata_PublicDB_test_Nextflow/SE_PE1/ERR1018949.fastq.gz,,,,/pasteur/zeus/projets/p02/Hotpaleo/adrien/Projets/GENOMES/list_adapt_for_removal_single.txt
RS163,true,Y.pestis,RISE505,ERX1097888,false,/pasteur/zeus/projets/p02/phylo_yersinia/guillem/genomes/Rawdata_PublicDB_test_Nextflow/SE_PE1/ERR1018950.fastq.gz,,,,/pasteur/zeus/projets/p02/Hotpaleo/adrien/Projets/GENOMES/list_adapt_for_removal_single.txt
RS192,true,Y.pestis,RISE505,ERX1097889,false,/pasteur/zeus/projets/p02/phylo_yersinia/guillem/genomes/Rawdata_PublicDB_test_Nextflow/SE_PE1/ERR1018951.fastq.gz,,,,/pasteur/zeus/projets/p02/Hotpaleo/adrien/Projets/GENOMES/list_adapt_for_removal_single.txt
RS235,true,Y.pestis,RISE505,ERX1097890,false,/pasteur/zeus/projets/p02/phylo_yersinia/guillem/genomes/Rawdata_PublicDB_test_Nextflow/SE_PE1/ERR1018952.fastq.gz,,,,/pasteur/zeus/projets/p02/Hotpaleo/adrien/Projets/GENOMES/list_adapt_for_removal_single.txt
RS381,true,Y.pestis,RISE505,ERX1097891,false,/pasteur/zeus/projets/p02/phylo_yersinia/guillem/genomes/Rawdata_PublicDB_test_Nextflow/SE_PE1/ERR1018953.fastq.gz,,,,/pasteur/zeus/projets/p02/Hotpaleo/adrien/Projets/GENOMES/list_adapt_for_removal_single.txt
RS731,true,Y.pestis,RISE505,ERX1097892,false,/pasteur/zeus/projets/p02/phylo_yersinia/guillem/genomes/Rawdata_PublicDB_test_Nextflow/SE_PE1/ERR1018954.fastq.gz,,,,/pasteur/zeus/projets/p02/Hotpaleo/adrien/Projets/GENOMES/list_adapt_for_removal_single.txt
RS723,true,Y.pestis,RISE505,ERX1097893,false,/pasteur/zeus/projets/p02/phylo_yersinia/guillem/genomes/Rawdata_PublicDB_test_Nextflow/SE_PE1/ERR1018955.fastq.gz,,,,/pasteur/zeus/projets/p02/Hotpaleo/adrien/Projets/GENOMES/list_adapt_for_removal_single.txt
RS950,true,Y.pestis,RISE505,ERX1097894,false,/pasteur/zeus/projets/p02/phylo_yersinia/guillem/genomes/Rawdata_PublicDB_test_Nextflow/SE_PE1/ERR1018956.fastq.gz,,,,/pasteur/zeus/projets/p02/Hotpaleo/adrien/Projets/GENOMES/list_adapt_for_removal_single.txt
RS1459,true,Y.pestis,RISE505,ERX1097895,false,/pasteur/zeus/projets/p02/phylo_yersinia/guillem/genomes/Rawdata_PublicDB_test_Nextflow/SE_PE1/ERR1018957.fastq.gz,,,,/pasteur/zeus/projets/p02/Hotpaleo/adrien/Projets/GENOMES/list_adapt_for_removal_single.txt
RS1463,true,Y.pestis,RISE505,ERX1097896,false,/pasteur/zeus/projets/p02/phylo_yersinia/guillem/genomes/Rawdata_PublicDB_test_Nextflow/SE_PE1/ERR1018958.fastq.gz,,,,/pasteur/zeus/projets/p02/Hotpaleo/adrien/Projets/GENOMES/list_adapt_for_removal_single.txt
RS1525,true,Y.pestis,RISE505,ERX1097897,false,/pasteur/zeus/projets/p02/phylo_yersinia/guillem/genomes/Rawdata_PublicDB_test_Nextflow/SE_PE1/ERR1018959.fastq.gz,,,,/pasteur/zeus/projets/p02/Hotpaleo/adrien/Projets/GENOMES/list_adapt_for_removal_single.txt
RS1530,true,Y.pestis,RISE505,ERX1097898,false,/pasteur/zeus/projets/p02/phylo_yersinia/guillem/genomes/Rawdata_PublicDB_test_Nextflow/SE_PE1/ERR1018960.fastq.gz,,,,/pasteur/zeus/projets/p02/Hotpaleo/adrien/Projets/GENOMES/list_adapt_for_removal_single.txt
RS1536,true,Y.pestis,RISE505,ERX1097899,false,/pasteur/zeus/projets/p02/phylo_yersinia/guillem/genomes/Rawdata_PublicDB_test_Nextflow/SE_PE1/ERR1018961.fastq.gz,,,,/pasteur/zeus/projets/p02/Hotpaleo/adrien/Projets/GENOMES/list_adapt_for_removal_single.txt
RS1541,true,Y.pestis,RISE505,ERX1097900,false,/pasteur/zeus/projets/p02/phylo_yersinia/guillem/genomes/Rawdata_PublicDB_test_Nextflow/SE_PE1/ERR1018962.fastq.gz,,,,/pasteur/zeus/projets/p02/Hotpaleo/adrien/Projets/GENOMES/list_adapt_for_removal_single.txt
RS1546,true,Y.pestis,RISE505,ERX1097901,false,/pasteur/zeus/projets/p02/phylo_yersinia/guillem/genomes/Rawdata_PublicDB_test_Nextflow/SE_PE1/ERR1018963.fastq.gz,,,,/pasteur/zeus/projets/p02/Hotpaleo/adrien/Projets/GENOMES/list_adapt_for_removal_single.txt
RS1550,true,Y.pestis,RISE505,ERX1097902,false,/pasteur/zeus/projets/p02/phylo_yersinia/guillem/genomes/Rawdata_PublicDB_test_Nextflow/SE_PE1/ERR1018964.fastq.gz,,,,/pasteur/zeus/projets/p02/Hotpaleo/adrien/Projets/GENOMES/list_adapt_for_removal_single.txt
RS1555,true,Y.pestis,RISE505,ERX1097903,false,/pasteur/zeus/projets/p02/phylo_yersinia/guillem/genomes/Rawdata_PublicDB_test_Nextflow/SE_PE1/ERR1018965.fastq.gz,,,,/pasteur/zeus/projets/p02/Hotpaleo/adrien/Projets/GENOMES/list_adapt_for_removal_single.txt
RS82,true,Y.pestis,RISE509,ERX1097904,false,/pasteur/zeus/projets/p02/phylo_yersinia/guillem/genomes/Rawdata_PublicDB_test_Nextflow/SE_PE1/ERR1018966.fastq.gz,,,,/pasteur/zeus/projets/p02/Hotpaleo/adrien/Projets/GENOMES/list_adapt_for_removal_single.txt
RS111,true,Y.pestis,RISE509,ERX1097905,false,/pasteur/zeus/projets/p02/phylo_yersinia/guillem/genomes/Rawdata_PublicDB_test_Nextflow/SE_PE1/ERR1018967.fastq.gz,,,,/pasteur/zeus/projets/p02/Hotpaleo/adrien/Projets/GENOMES/list_adapt_for_removal_single.txt
RS140,true,Y.pestis,RISE509,ERX1097906,false,/pasteur/zeus/projets/p02/phylo_yersinia/guillem/genomes/Rawdata_PublicDB_test_Nextflow/SE_PE1/ERR1018968.fastq.gz,,,,/pasteur/zeus/projets/p02/Hotpaleo/adrien/Projets/GENOMES/list_adapt_for_removal_single.txt
RS169,true,Y.pestis,RISE509,ERX1097907,false,/pasteur/zeus/projets/p02/phylo_yersinia/guillem/genomes/Rawdata_PublicDB_test_Nextflow/SE_PE1/ERR1018969.fastq.gz,,,,/pasteur/zeus/projets/p02/Hotpaleo/adrien/Projets/GENOMES/list_adapt_for_removal_single.txt
RS198,true,Y.pestis,RISE509,ERX1097908,false,/pasteur/zeus/projets/p02/phylo_yersinia/guillem/genomes/Rawdata_PublicDB_test_Nextflow/SE_PE1/ERR1018970.fastq.gz,,,,/pasteur/zeus/projets/p02/Hotpaleo/adrien/Projets/GENOMES/list_adapt_for_removal_single.txt
RS241,true,Y.pestis,RISE509,ERX1097909,false,/pasteur/zeus/projets/p02/phylo_yersinia/guillem/genomes/Rawdata_PublicDB_test_Nextflow/SE_PE1/ERR1018971.fastq.gz,,,,/pasteur/zeus/projets/p02/Hotpaleo/adrien/Projets/GENOMES/list_adapt_for_removal_single.txt
RS384,true,Y.pestis,RISE509,ERX1097910,false,/pasteur/zeus/projets/p02/phylo_yersinia/guillem/genomes/Rawdata_PublicDB_test_Nextflow/SE_PE1/ERR1018972.fastq.gz,,,,/pasteur/zeus/projets/p02/Hotpaleo/adrien/Projets/GENOMES/list_adapt_for_removal_single.txt
RS729,true,Y.pestis,RISE509,ERX1097911,false,/pasteur/zeus/projets/p02/phylo_yersinia/guillem/genomes/Rawdata_PublicDB_test_Nextflow/SE_PE1/ERR1018973.fastq.gz,,,,/pasteur/zeus/projets/p02/Hotpaleo/adrien/Projets/GENOMES/list_adapt_for_removal_single.txt
RS737,true,Y.pestis,RISE509,ERX1097912,false,/pasteur/zeus/projets/p02/phylo_yersinia/guillem/genomes/Rawdata_PublicDB_test_Nextflow/SE_PE1/ERR1018974.fastq.gz,,,,/pasteur/zeus/projets/p02/Hotpaleo/adrien/Projets/GENOMES/list_adapt_for_removal_single.txt
RS956,true,Y.pestis,RISE509,ERX1097913,false,/pasteur/zeus/projets/p02/phylo_yersinia/guillem/genomes/Rawdata_PublicDB_test_Nextflow/SE_PE1/ERR1018975.fastq.gz,,,,/pasteur/zeus/projets/p02/Hotpaleo/adrien/Projets/GENOMES/list_adapt_for_removal_single.txt
RS1460,true,Y.pestis,RISE509,ERX1097914,false,/pasteur/zeus/projets/p02/phylo_yersinia/guillem/genomes/Rawdata_PublicDB_test_Nextflow/SE_PE1/ERR1018976.fastq.gz,,,,/pasteur/zeus/projets/p02/Hotpaleo/adrien/Projets/GENOMES/list_adapt_for_removal_single.txt
RS1464,true,Y.pestis,RISE509,ERX1097915,false,/pasteur/zeus/projets/p02/phylo_yersinia/guillem/genomes/Rawdata_PublicDB_test_Nextflow/SE_PE1/ERR1018977.fastq.gz,,,,/pasteur/zeus/projets/p02/Hotpaleo/adrien/Projets/GENOMES/list_adapt_for_removal_single.txt
RS1526,true,Y.pestis,RISE509,ERX1097916,false,/pasteur/zeus/projets/p02/phylo_yersinia/guillem/genomes/Rawdata_PublicDB_test_Nextflow/SE_PE1/ERR1018978.fastq.gz,,,,/pasteur/zeus/projets/p02/Hotpaleo/adrien/Projets/GENOMES/list_adapt_for_removal_single.txt
RS1531,true,Y.pestis,RISE509,ERX1097917,false,/pasteur/zeus/projets/p02/phylo_yersinia/guillem/genomes/Rawdata_PublicDB_test_Nextflow/SE_PE1/ERR1018979.fastq.gz,,,,/pasteur/zeus/projets/p02/Hotpaleo/adrien/Projets/GENOMES/list_adapt_for_removal_single.txt
RS1537,true,Y.pestis,RISE509,ERX1097918,false,/pasteur/zeus/projets/p02/phylo_yersinia/guillem/genomes/Rawdata_PublicDB_test_Nextflow/SE_PE1/ERR1018980.fastq.gz,,,,/pasteur/zeus/projets/p02/Hotpaleo/adrien/Projets/GENOMES/list_adapt_for_removal_single.txt
RS1542,true,Y.pestis,RISE509,ERX1097919,false,/pasteur/zeus/projets/p02/phylo_yersinia/guillem/genomes/Rawdata_PublicDB_test_Nextflow/SE_PE1/ERR1018981.fastq.gz,,,,/pasteur/zeus/projets/p02/Hotpaleo/adrien/Projets/GENOMES/list_adapt_for_removal_single.txt
RS1547,true,Y.pestis,RISE509,ERX1097920,false,/pasteur/zeus/projets/p02/phylo_yersinia/guillem/genomes/Rawdata_PublicDB_test_Nextflow/SE_PE1/ERR1018982.fastq.gz,,,,/pasteur/zeus/projets/p02/Hotpaleo/adrien/Projets/GENOMES/list_adapt_for_removal_single.txt
RS1551,true,Y.pestis,RISE509,ERX1097921,false,/pasteur/zeus/projets/p02/phylo_yersinia/guillem/genomes/Rawdata_PublicDB_test_Nextflow/SE_PE1/ERR1018983.fastq.gz,,,,/pasteur/zeus/projets/p02/Hotpaleo/adrien/Projets/GENOMES/list_adapt_for_removal_single.txt
RS1556,true,Y.pestis,RISE509,ERX1097922,false,/pasteur/zeus/projets/p02/phylo_yersinia/guillem/genomes/Rawdata_PublicDB_test_Nextflow/SE_PE1/ERR1018984.fastq.gz,,,,/pasteur/zeus/projets/p02/Hotpaleo/adrien/Projets/GENOMES/list_adapt_for_removal_single.txt
OBS04,true,Y.pestis,OBS124,ERX1266848,true,/pasteur/zeus/projets/p02/phylo_yersinia/guillem/genomes/Rawdata_PublicDB_test_Nextflow/SE_PE1/ERR1193535_1.fastq.gz,/pasteur/zeus/projets/p02/phylo_yersinia/guillem/genomes/Rawdata_PublicDB_test_Nextflow/PE2/ERR1193535_2.fastq.gz,,,/pasteur/zeus/projets/p02/Hotpaleo/adrien/Projets/GENOMES/list_adapt_for_removal_paired.txt
OBS09,true,Y.pestis,OBS124,ERX1266853,false,/pasteur/zeus/projets/p02/phylo_yersinia/guillem/genomes/Rawdata_PublicDB_test_Nextflow/SE_PE1/ERR1193540.fastq.gz,,,,/pasteur/zeus/projets/p02/Hotpaleo/adrien/Projets/GENOMES/list_adapt_for_removal_single.txt
SPYR01,true,Y.pestis,Ellwangen549_O,ERX1439981,true,/pasteur/zeus/projets/p02/phylo_yersinia/guillem/genomes/Rawdata_PublicDB_test_Nextflow/SE_PE1/ERR1368855_1.fastq.gz,/pasteur/zeus/projets/p02/phylo_yersinia/guillem/genomes/Rawdata_PublicDB_test_Nextflow/PE2/ERR1368855_2.fastq.gz,,,/pasteur/zeus/projets/p02/Hotpaleo/adrien/Projets/GENOMES/list_adapt_for_removal_paired.txt
SPYR02,true,Y.pestis,Ellwangen549_O,ERX1439982,true,/pasteur/zeus/projets/p02/phylo_yersinia/guillem/genomes/Rawdata_PublicDB_test_Nextflow/SE_PE1/ERR1368856_1.fastq.gz,/pasteur/zeus/projets/p02/phylo_yersinia/guillem/genomes/Rawdata_PublicDB_test_Nextflow/PE2/ERR1368856_2.fastq.gz,,,/pasteur/zeus/projets/p02/Hotpaleo/adrien/Projets/GENOMES/list_adapt_for_removal_paired.txt
SPYR03,true,Y.pestis,Ellwangen549_O,ERX1439983,true,/pasteur/zeus/projets/p02/phylo_yersinia/guillem/genomes/Rawdata_PublicDB_test_Nextflow/SE_PE1/ERR1368857_1.fastq.gz,/pasteur/zeus/projets/p02/phylo_yersinia/guillem/genomes/Rawdata_PublicDB_test_Nextflow/PE2/ERR1368857_2.fastq.gz,,,/pasteur/zeus/projets/p02/Hotpaleo/adrien/Projets/GENOMES/list_adapt_for_removal_paired.txt
SPYR04,true,Y.pestis,Ellwangen549_O,ERX1439984,true,/pasteur/zeus/projets/p02/phylo_yersinia/guillem/genomes/Rawdata_PublicDB_test_Nextflow/SE_PE1/ERR1368858_1.fastq.gz,/pasteur/zeus/projets/p02/phylo_yersinia/guillem/genomes/Rawdata_PublicDB_test_Nextflow/PE2/ERR1368858_2.fastq.gz,,,/pasteur/zeus/projets/p02/Hotpaleo/adrien/Projets/GENOMES/list_adapt_for_removal_paired.txt
SPYR05,true,Y.pestis,Ellwangen549_O,ERX1439985,true,/pasteur/zeus/projets/p02/phylo_yersinia/guillem/genomes/Rawdata_PublicDB_test_Nextflow/SE_PE1/ERR1368859_1.fastq.gz,/pasteur/zeus/projets/p02/phylo_yersinia/guillem/genomes/Rawdata_PublicDB_test_Nextflow/PE2/ERR1368859_2.fastq.gz,,,/pasteur/zeus/projets/p02/Hotpaleo/adrien/Projets/GENOMES/list_adapt_for_removal_paired.txt
SPYR06,true,Y.pestis,Ellwangen549_O,ERX1439986,true,/pasteur/zeus/projets/p02/phylo_yersinia/guillem/genomes/Rawdata_PublicDB_test_Nextflow/SE_PE1/ERR1368860_1.fastq.gz,/pasteur/zeus/projets/p02/phylo_yersinia/guillem/genomes/Rawdata_PublicDB_test_Nextflow/PE2/ERR1368860_2.fastq.gz,,,/pasteur/zeus/projets/p02/Hotpaleo/adrien/Projets/GENOMES/list_adapt_for_removal_paired.txt
SPYR07,true,Y.pestis,Ellwangen549_O,ERX1439987,true,/pasteur/zeus/projets/p02/phylo_yersinia/guillem/genomes/Rawdata_PublicDB_test_Nextflow/SE_PE1/JK1548UDG_S5_L001_R1_001.fastq.gz,/pasteur/zeus/projets/p02/phylo_yersinia/guillem/genomes/Rawdata_PublicDB_test_Nextflow/PE2/JK1548UDG_S5_L001_R2_001.fastq.gz,,,/pasteur/zeus/projets/p02/Hotpaleo/adrien/Projets/GENOMES/list_adapt_for_removal_paired.txt
SPYR08,true,Y.pestis,Ellwangen549_O,ERX1439988,true,/pasteur/zeus/projets/p02/phylo_yersinia/guillem/genomes/Rawdata_PublicDB_test_Nextflow/SE_PE1/JK1548UDG_S5_L002_R1_001.fastq.gz,/pasteur/zeus/projets/p02/phylo_yersinia/guillem/genomes/Rawdata_PublicDB_test_Nextflow/PE2/JK1548UDG_S5_L002_R2_001.fastq.gz,,,/pasteur/zeus/projets/p02/Hotpaleo/adrien/Projets/GENOMES/list_adapt_for_removal_paired.txt
SPYR09,true,Y.pestis,Ellwangen549_O,ERX1439989,true,/pasteur/zeus/projets/p02/phylo_yersinia/guillem/genomes/Rawdata_PublicDB_test_Nextflow/SE_PE1/JK1548UDG_S5_L003_R1_001.fastq.gz,/pasteur/zeus/projets/p02/phylo_yersinia/guillem/genomes/Rawdata_PublicDB_test_Nextflow/PE2/JK1548UDG_S5_L003_R2_001.fastq.gz,,,/pasteur/zeus/projets/p02/Hotpaleo/adrien/Projets/GENOMES/list_adapt_for_removal_paired.txt
SPYR10,true,Y.pestis,Ellwangen549_O,ERX1439990,true,/pasteur/zeus/projets/p02/phylo_yersinia/guillem/genomes/Rawdata_PublicDB_test_Nextflow/SE_PE1/JK1548UDG_S5_L004_R1_001.fastq.gz,/pasteur/zeus/projets/p02/phylo_yersinia/guillem/genomes/Rawdata_PublicDB_test_Nextflow/PE2/JK1548UDG_S5_L004_R2_001.fastq.gz,,,/pasteur/zeus/projets/p02/Hotpaleo/adrien/Projets/GENOMES/list_adapt_for_removal_paired.txt
SPYR11,true,Y.pestis,BolgarCity2370,ERX1439991,true,/pasteur/zeus/projets/p02/phylo_yersinia/guillem/genomes/Rawdata_PublicDB_test_Nextflow/SE_PE1/ERR1368865_1.fastq.gz,/pasteur/zeus/projets/p02/phylo_yersinia/guillem/genomes/Rawdata_PublicDB_test_Nextflow/PE2/ERR1368865_2.fastq.gz,,,/pasteur/zeus/projets/p02/Hotpaleo/adrien/Projets/GENOMES/list_adapt_for_removal_paired.txt
SPYR12,true,Y.pestis,BolgarCity2370,ERX1439992,true,/pasteur/zeus/projets/p02/phylo_yersinia/guillem/genomes/Rawdata_PublicDB_test_Nextflow/SE_PE1/ERR1368866_1.fastq.gz,/pasteur/zeus/projets/p02/phylo_yersinia/guillem/genomes/Rawdata_PublicDB_test_Nextflow/PE2/ERR1368866_2.fastq.gz,,,/pasteur/zeus/projets/p02/Hotpaleo/adrien/Projets/GENOMES/list_adapt_for_removal_paired.txt
SPYR13,true,Y.pestis,BolgarCity2370,ERX1439993,true,/pasteur/zeus/projets/p02/phylo_yersinia/guillem/genomes/Rawdata_PublicDB_test_Nextflow/SE_PE1/ERR1368867_1.fastq.gz,/pasteur/zeus/projets/p02/phylo_yersinia/guillem/genomes/Rawdata_PublicDB_test_Nextflow/PE2/ERR1368867_2.fastq.gz,,,/pasteur/zeus/projets/p02/Hotpaleo/adrien/Projets/GENOMES/list_adapt_for_removal_paired.txt
SPYR14,true,Y.pestis,BolgarCity2370,ERX1439994,true,/pasteur/zeus/projets/p02/phylo_yersinia/guillem/genomes/Rawdata_PublicDB_test_Nextflow/SE_PE1/ERR1368868_1.fastq.gz,/pasteur/zeus/projets/p02/phylo_yersinia/guillem/genomes/Rawdata_PublicDB_test_Nextflow/PE2/ERR1368868_2.fastq.gz,,,/pasteur/zeus/projets/p02/Hotpaleo/adrien/Projets/GENOMES/list_adapt_for_removal_paired.txt
SPYR15,true,Y.pestis,Ellwangen549_O,ERX1439995,true,/pasteur/zeus/projets/p02/phylo_yersinia/guillem/genomes/Rawdata_PublicDB_test_Nextflow/SE_PE1/ERR1368869_1.fastq.gz,/pasteur/zeus/projets/p02/phylo_yersinia/guillem/genomes/Rawdata_PublicDB_test_Nextflow/PE2/ERR1368869_2.fastq.gz,,,/pasteur/zeus/projets/p02/Hotpaleo/adrien/Projets/GENOMES/list_adapt_for_removal_paired.txt
SPYR16,true,Y.pestis,Ellwangen549_O,ERX1439996,true,/pasteur/zeus/projets/p02/phylo_yersinia/guillem/genomes/Rawdata_PublicDB_test_Nextflow/SE_PE1/JK2543UDG_S13_L001_R1_001.fastq.gz,/pasteur/zeus/projets/p02/phylo_yersinia/guillem/genomes/Rawdata_PublicDB_test_Nextflow/PE2/JK2543UDG_S13_L001_R2_001.fastq.gz,,,/pasteur/zeus/projets/p02/Hotpaleo/adrien/Projets/GENOMES/list_adapt_for_removal_paired.txt
SPYR17,true,Y.pestis,Ellwangen549_O,ERX1439997,true,/pasteur/zeus/projets/p02/phylo_yersinia/guillem/genomes/Rawdata_PublicDB_test_Nextflow/SE_PE1/JK2543UDG_S13_L002_R1_001.fastq.gz,/pasteur/zeus/projets/p02/phylo_yersinia/guillem/genomes/Rawdata_PublicDB_test_Nextflow/PE2/JK2543UDG_S13_L002_R2_001.fastq.gz,,,/pasteur/zeus/projets/p02/Hotpaleo/adrien/Projets/GENOMES/list_adapt_for_removal_paired.txt
SPYR18,true,Y.pestis,Ellwangen549_O,ERX1439998,true,/pasteur/zeus/projets/p02/phylo_yersinia/guillem/genomes/Rawdata_PublicDB_test_Nextflow/SE_PE1/JK2543UDG_S13_L003_R1_001.fastq.gz,/pasteur/zeus/projets/p02/phylo_yersinia/guillem/genomes/Rawdata_PublicDB_test_Nextflow/PE2/JK2543UDG_S13_L003_R2_001.fastq.gz,,,/pasteur/zeus/projets/p02/Hotpaleo/adrien/Projets/GENOMES/list_adapt_for_removal_paired.txt
SPYR19,true,Y.pestis,Ellwangen549_O,ERX1439999,true,/pasteur/zeus/projets/p02/phylo_yersinia/guillem/genomes/Rawdata_PublicDB_test_Nextflow/SE_PE1/JK2543UDG_S13_L004_R1_001.fastq.gz,/pasteur/zeus/projets/p02/phylo_yersinia/guillem/genomes/Rawdata_PublicDB_test_Nextflow/PE2/JK2543UDG_S13_L004_R2_001.fastq.gz,,,/pasteur/zeus/projets/p02/Hotpaleo/adrien/Projets/GENOMES/list_adapt_for_removal_paired.txt
SPYR20,true,Y.pestis,Ellwangen549_O,ERX1440000,true,/pasteur/zeus/projets/p02/phylo_yersinia/guillem/genomes/Rawdata_PublicDB_test_Nextflow/SE_PE1/ERR1368874_1.fastq.gz,/pasteur/zeus/projets/p02/phylo_yersinia/guillem/genomes/Rawdata_PublicDB_test_Nextflow/PE2/ERR1368874_2.fastq.gz,,,/pasteur/zeus/projets/p02/Hotpaleo/adrien/Projets/GENOMES/list_adapt_for_removal_paired.txt
SPYR21,true,Y.pestis,Ellwangen549_O,ERX1440001,true,/pasteur/zeus/projets/p02/phylo_yersinia/guillem/genomes/Rawdata_PublicDB_test_Nextflow/SE_PE1/ERR1368875_1.fastq.gz,/pasteur/zeus/projets/p02/phylo_yersinia/guillem/genomes/Rawdata_PublicDB_test_Nextflow/PE2/ERR1368875_2.fastq.gz,,,/pasteur/zeus/projets/p02/Hotpaleo/adrien/Projets/GENOMES/list_adapt_for_removal_paired.txt
SPYR22,true,Y.pestis,Ellwangen549_O,ERX1440002,true,/pasteur/zeus/projets/p02/phylo_yersinia/guillem/genomes/Rawdata_PublicDB_test_Nextflow/SE_PE1/ERR1368876_1.fastq.gz,/pasteur/zeus/projets/p02/phylo_yersinia/guillem/genomes/Rawdata_PublicDB_test_Nextflow/PE2/ERR1368876_2.fastq.gz,,,/pasteur/zeus/projets/p02/Hotpaleo/adrien/Projets/GENOMES/list_adapt_for_removal_paired.txt
SPYR23,true,Y.pestis,Ellwangen549_O,ERX1440003,true,/pasteur/zeus/projets/p02/phylo_yersinia/guillem/genomes/Rawdata_PublicDB_test_Nextflow/SE_PE1/ERR1368877_1.fastq.gz,/pasteur/zeus/projets/p02/phylo_yersinia/guillem/genomes/Rawdata_PublicDB_test_Nextflow/PE2/ERR1368877_2.fastq.gz,,,/pasteur/zeus/projets/p02/Hotpaleo/adrien/Projets/GENOMES/list_adapt_for_removal_paired.txt
SPYR24,true,Y.pestis,Barcelona3031,ERX1440004,true,/pasteur/zeus/projets/p02/phylo_yersinia/guillem/genomes/Rawdata_PublicDB_test_Nextflow/SE_PE1/ERR1368878_1.fastq.gz,/pasteur/zeus/projets/p02/phylo_yersinia/guillem/genomes/Rawdata_PublicDB_test_Nextflow/PE2/ERR1368878_2.fastq.gz,,,/pasteur/zeus/projets/p02/Hotpaleo/adrien/Projets/GENOMES/list_adapt_for_removal_paired.txt
AV01,true,Y.pestis,Gyvakarai1,ERX2169788,true,/pasteur/zeus/projets/p02/phylo_yersinia/guillem/genomes/Rawdata_PublicDB_test_Nextflow/SE_PE1/ERR2112544_1.fastq.gz,/pasteur/zeus/projets/p02/phylo_yersinia/guillem/genomes/Rawdata_PublicDB_test_Nextflow/PE2/ERR2112544_2.fastq.gz,,,/pasteur/zeus/projets/p02/Hotpaleo/adrien/Projets/GENOMES/list_adapt_for_removal_paired.txt
AV02,true,Y.pestis,Gyvakarai1,ERX2169789,true,/pasteur/zeus/projets/p02/phylo_yersinia/guillem/genomes/Rawdata_PublicDB_test_Nextflow/SE_PE1/ERR2112545_1.fastq.gz,/pasteur/zeus/projets/p02/phylo_yersinia/guillem/genomes/Rawdata_PublicDB_test_Nextflow/PE2/ERR2112545_2.fastq.gz,,,/pasteur/zeus/projets/p02/Hotpaleo/adrien/Projets/GENOMES/list_adapt_for_removal_paired.txt
AV03,true,Y.pestis,Gyvakarai1,ERX2169790,true,/pasteur/zeus/projets/p02/phylo_yersinia/guillem/genomes/Rawdata_PublicDB_test_Nextflow/SE_PE1/ERR2112546_1.fastq.gz,/pasteur/zeus/projets/p02/phylo_yersinia/guillem/genomes/Rawdata_PublicDB_test_Nextflow/PE2/ERR2112546_2.fastq.gz,,,/pasteur/zeus/projets/p02/Hotpaleo/adrien/Projets/GENOMES/list_adapt_for_removal_paired.txt
AV04,true,Y.pestis,KunilaII,ERX2169791,true,/pasteur/zeus/projets/p02/phylo_yersinia/guillem/genomes/Rawdata_PublicDB_test_Nextflow/SE_PE1/ERR2112547_1.fastq.gz,/pasteur/zeus/projets/p02/phylo_yersinia/guillem/genomes/Rawdata_PublicDB_test_Nextflow/PE2/ERR2112547_2.fastq.gz,,,/pasteur/zeus/projets/p02/Hotpaleo/adrien/Projets/GENOMES/list_adapt_for_removal_paired.txt
AV05,true,Y.pestis,KunilaII,ERX2169792,true,/pasteur/zeus/projets/p02/phylo_yersinia/guillem/genomes/Rawdata_PublicDB_test_Nextflow/SE_PE1/ERR2112548_1.fastq.gz,/pasteur/zeus/projets/p02/phylo_yersinia/guillem/genomes/Rawdata_PublicDB_test_Nextflow/PE2/ERR2112548_2.fastq.gz,,,/pasteur/zeus/projets/p02/Hotpaleo/adrien/Projets/GENOMES/list_adapt_for_removal_paired.txt
AV06,true,Y.pestis,Post6,ERX2169793,true,/pasteur/zeus/projets/p02/phylo_yersinia/guillem/genomes/Rawdata_PublicDB_test_Nextflow/SE_PE1/ERR2112549_1.fastq.gz,/pasteur/zeus/projets/p02/phylo_yersinia/guillem/genomes/Rawdata_PublicDB_test_Nextflow/PE2/ERR2112549_2.fastq.gz,,,/pasteur/zeus/projets/p02/Hotpaleo/adrien/Projets/GENOMES/list_adapt_for_removal_paired.txt
AV07,true,Y.pestis,Post6,ERX2169794,true,/pasteur/zeus/projets/p02/phylo_yersinia/guillem/genomes/Rawdata_PublicDB_test_Nextflow/SE_PE1/ERR2112550_1.fastq.gz,/pasteur/zeus/projets/p02/phylo_yersinia/guillem/genomes/Rawdata_PublicDB_test_Nextflow/PE2/ERR2112550_2.fastq.gz,,,/pasteur/zeus/projets/p02/Hotpaleo/adrien/Projets/GENOMES/list_adapt_for_removal_paired.txt
AV08,true,Y.pestis,Post6,ERX2169795,true,/pasteur/zeus/projets/p02/phylo_yersinia/guillem/genomes/Rawdata_PublicDB_test_Nextflow/SE_PE1/ERR2112551_1.fastq.gz,/pasteur/zeus/projets/p02/phylo_yersinia/guillem/genomes/Rawdata_PublicDB_test_Nextflow/PE2/ERR2112551_2.fastq.gz,,,/pasteur/zeus/projets/p02/Hotpaleo/adrien/Projets/GENOMES/list_adapt_for_removal_paired.txt
AV09,true,Y.pestis,Post6,ERX2169796,true,/pasteur/zeus/projets/p02/phylo_yersinia/guillem/genomes/Rawdata_PublicDB_test_Nextflow/SE_PE1/ERR2112552_1.fastq.gz,/pasteur/zeus/projets/p02/phylo_yersinia/guillem/genomes/Rawdata_PublicDB_test_Nextflow/PE2/ERR2112552_2.fastq.gz,,,/pasteur/zeus/projets/p02/Hotpaleo/adrien/Projets/GENOMES/list_adapt_for_removal_paired.txt
AV26,true,Y.pestis,Post6,ERX2169813,false,/pasteur/zeus/projets/p02/phylo_yersinia/guillem/genomes/Rawdata_PublicDB_test_Nextflow/SE_PE1/ERR2112569.fastq.gz,,,,/pasteur/zeus/projets/p02/Hotpaleo/adrien/Projets/GENOMES/list_adapt_for_removal_single.txt
AV27,true,Y.pestis,Post6,ERX2169814,false,/pasteur/zeus/projets/p02/phylo_yersinia/guillem/genomes/Rawdata_PublicDB_test_Nextflow/SE_PE1/ERR2112570.fastq.gz,,,,/pasteur/zeus/projets/p02/Hotpaleo/adrien/Projets/GENOMES/list_adapt_for_removal_single.txt
AV28,true,Y.pestis,Post6,ERX2169815,false,/pasteur/zeus/projets/p02/phylo_yersinia/guillem/genomes/Rawdata_PublicDB_test_Nextflow/SE_PE1/ERR2112571.fastq.gz,,,,/pasteur/zeus/projets/p02/Hotpaleo/adrien/Projets/GENOMES/list_adapt_for_removal_single.txt
AV29,true,Y.pestis,Post6,ERX2169816,false,/pasteur/zeus/projets/p02/phylo_yersinia/guillem/genomes/Rawdata_PublicDB_test_Nextflow/SE_PE1/ERR2112572.fastq.gz,,,,/pasteur/zeus/projets/p02/Hotpaleo/adrien/Projets/GENOMES/list_adapt_for_removal_single.txt
AV30,true,Y.pestis,Post6,ERX2169817,false,/pasteur/zeus/projets/p02/phylo_yersinia/guillem/genomes/Rawdata_PublicDB_test_Nextflow/SE_PE1/ERR2112573.fastq.gz,,,,/pasteur/zeus/projets/p02/Hotpaleo/adrien/Projets/GENOMES/list_adapt_for_removal_single.txt
AV31,true,Y.pestis,1343UnTal85,ERX2169818,false,/pasteur/zeus/projets/p02/phylo_yersinia/guillem/genomes/Rawdata_PublicDB_test_Nextflow/SE_PE1/ERR2112574.fastq.gz,,,,/pasteur/zeus/projets/p02/Hotpaleo/adrien/Projets/GENOMES/list_adapt_for_removal_single.txt
AV32,true,Y.pestis,1343UnTal85,ERX2169819,false,/pasteur/zeus/projets/p02/phylo_yersinia/guillem/genomes/Rawdata_PublicDB_test_Nextflow/SE_PE1/ERR2112575.fastq.gz,,,,/pasteur/zeus/projets/p02/Hotpaleo/adrien/Projets/GENOMES/list_adapt_for_removal_single.txt
AV33,true,Y.pestis,1343UnTal85,ERX2169820,false,/pasteur/zeus/projets/p02/phylo_yersinia/guillem/genomes/Rawdata_PublicDB_test_Nextflow/SE_PE1/ERR2112576.fastq.gz,,,,/pasteur/zeus/projets/p02/Hotpaleo/adrien/Projets/GENOMES/list_adapt_for_removal_single.txt
AV34,true,Y.pestis,1343UnTal85,ERX2169821,false,/pasteur/zeus/projets/p02/phylo_yersinia/guillem/genomes/Rawdata_PublicDB_test_Nextflow/SE_PE1/ERR2112577.fastq.gz,,,,/pasteur/zeus/projets/p02/Hotpaleo/adrien/Projets/GENOMES/list_adapt_for_removal_single.txt
AV35,true,Y.pestis,1343UnTal85,ERX2169822,false,/pasteur/zeus/projets/p02/phylo_yersinia/guillem/genomes/Rawdata_PublicDB_test_Nextflow/SE_PE1/ERR2112578.fastq.gz,,,,/pasteur/zeus/projets/p02/Hotpaleo/adrien/Projets/GENOMES/list_adapt_for_removal_single.txt
DA01,true,Y.pestis,DA101,ERX2522419,false,/pasteur/zeus/projets/p02/phylo_yersinia/guillem/genomes/Rawdata_PublicDB_test_Nextflow/SE_PE1/ERR2503176.fastq.gz,,,,/pasteur/zeus/projets/p02/Hotpaleo/adrien/Projets/GENOMES/list_adapt_for_removal_single.txt
DA02,true,Y.pestis,DA101,ERX2522420,false,/pasteur/zeus/projets/p02/phylo_yersinia/guillem/genomes/Rawdata_PublicDB_test_Nextflow/SE_PE1/ERR2503177.fastq.gz,,,,/pasteur/zeus/projets/p02/Hotpaleo/adrien/Projets/GENOMES/list_adapt_for_removal_single.txt
DA03,true,Y.pestis,DA101,ERX2522421,false,/pasteur/zeus/projets/p02/phylo_yersinia/guillem/genomes/Rawdata_PublicDB_test_Nextflow/SE_PE1/ERR2503178.fastq.gz,,,,/pasteur/zeus/projets/p02/Hotpaleo/adrien/Projets/GENOMES/list_adapt_for_removal_single.txt
DA05,true,Y.pestis,DA101,ERX2522423,false,/pasteur/zeus/projets/p02/phylo_yersinia/guillem/genomes/Rawdata_PublicDB_test_Nextflow/SE_PE1/ERR2503180.fastq.gz,,,,/pasteur/zeus/projets/p02/Hotpaleo/adrien/Projets/GENOMES/list_adapt_for_removal_single.txt
DA07,true,Y.pestis,DA101,ERX2522425,false,/pasteur/zeus/projets/p02/phylo_yersinia/guillem/genomes/Rawdata_PublicDB_test_Nextflow/SE_PE1/ERR2503182.fastq.gz,,,,/pasteur/zeus/projets/p02/Hotpaleo/adrien/Projets/GENOMES/list_adapt_for_removal_single.txt
SK01,true,Y.pestis,Gokhem2,ERX442616,true,/pasteur/zeus/projets/p02/phylo_yersinia/guillem/genomes/Rawdata_PublicDB_test_Nextflow/SE_PE1/ERR476784_1.fastq.gz,/pasteur/zeus/projets/p02/phylo_yersinia/guillem/genomes/Rawdata_PublicDB_test_Nextflow/PE2/ERR476784_2.fastq.gz,,,/pasteur/zeus/projets/p02/Hotpaleo/adrien/Projets/GENOMES/list_adapt_for_removal_paired.txt
SK02,true,Y.pestis,Gokhem2,ERX442617,true,/pasteur/zeus/projets/p02/phylo_yersinia/guillem/genomes/Rawdata_PublicDB_test_Nextflow/SE_PE1/ERR476785_1.fastq.gz,/pasteur/zeus/projets/p02/phylo_yersinia/guillem/genomes/Rawdata_PublicDB_test_Nextflow/PE2/ERR476785_2.fastq.gz,,,/pasteur/zeus/projets/p02/Hotpaleo/adrien/Projets/GENOMES/list_adapt_for_removal_paired.txt
SK03,true,Y.pestis,Gokhem2,ERX442618,true,/pasteur/zeus/projets/p02/phylo_yersinia/guillem/genomes/Rawdata_PublicDB_test_Nextflow/SE_PE1/ERR476786_1.fastq.gz,/pasteur/zeus/projets/p02/phylo_yersinia/guillem/genomes/Rawdata_PublicDB_test_Nextflow/PE2/ERR476786_2.fastq.gz,,,/pasteur/zeus/projets/p02/Hotpaleo/adrien/Projets/GENOMES/list_adapt_for_removal_paired.txt
SK04,true,Y.pestis,Gokhem2,ERX442619,true,/pasteur/zeus/projets/p02/phylo_yersinia/guillem/genomes/Rawdata_PublicDB_test_Nextflow/SE_PE1/ERR476787_1.fastq.gz,/pasteur/zeus/projets/p02/phylo_yersinia/guillem/genomes/Rawdata_PublicDB_test_Nextflow/PE2/ERR476787_2.fastq.gz,,,/pasteur/zeus/projets/p02/Hotpaleo/adrien/Projets/GENOMES/list_adapt_for_removal_paired.txt
SK05,true,Y.pestis,Gokhem2,ERX442620,true,/pasteur/zeus/projets/p02/phylo_yersinia/guillem/genomes/Rawdata_PublicDB_test_Nextflow/SE_PE1/ERR476788_1.fastq.gz,/pasteur/zeus/projets/p02/phylo_yersinia/guillem/genomes/Rawdata_PublicDB_test_Nextflow/PE2/ERR476788_2.fastq.gz,,,/pasteur/zeus/projets/p02/Hotpaleo/adrien/Projets/GENOMES/list_adapt_for_removal_paired.txt
SK06,true,Y.pestis,Gokhem2,ERX442631,false,/pasteur/zeus/projets/p02/phylo_yersinia/guillem/genomes/Rawdata_PublicDB_test_Nextflow/SE_PE1/ERR476799.fastq.gz,,,,/pasteur/zeus/projets/p02/Hotpaleo/adrien/Projets/GENOMES/list_adapt_for_removal_single.txt
SK07,true,Y.pestis,Gokhem2,ERX442639,true,/pasteur/zeus/projets/p02/phylo_yersinia/guillem/genomes/Rawdata_PublicDB_test_Nextflow/SE_PE1/ERR476807_1.fastq.gz,/pasteur/zeus/projets/p02/phylo_yersinia/guillem/genomes/Rawdata_PublicDB_test_Nextflow/PE2/ERR476807_2.fastq.gz,,,/pasteur/zeus/projets/p02/Hotpaleo/adrien/Projets/GENOMES/list_adapt_for_removal_paired.txt
IP1971H,false,Y.pestis,48/2009-B,IP1971H,true,/pasteur/zeus/projets/p02/phylo_yersinia/guillem/genomes/IP1971H_S15_L001_R1_001.fastq.gz,/pasteur/zeus/projets/p02/phylo_yersinia/guillem/genomes/IP1971H_S15_L001_R2_001.fastq.gz,,,/pasteur/zeus/projets/p02/Hotpaleo/adrien/Projets/GENOMES/list_adapt_for_removal_paired.txt
IP1974H,false,Y.pestis,33/2009-B,IP1974H,true,/pasteur/zeus/projets/p02/phylo_yersinia/guillem/genomes/IP1974H_S24_L001_R1_001.fastq.gz,/pasteur/zeus/projets/p02/phylo_yersinia/guillem/genomes/IP1974H_S24_L001_R2_001.fastq.gz,,,/pasteur/zeus/projets/p02/Hotpaleo/adrien/Projets/GENOMES/list_adapt_for_removal_paired.txt
IP1977H,false,Y.pestis,PAR_12,IP1977H,true,/pasteur/zeus/projets/p02/phylo_yersinia/guillem/genomes/IP1977H_S7_L001_R1_001.fastq.gz,/pasteur/zeus/projets/p02/phylo_yersinia/guillem/genomes/IP1977H_S7_L001_R2_001.fastq.gz,,,/pasteur/zeus/projets/p02/Hotpaleo/adrien/Projets/GENOMES/list_adapt_for_removal_paired.txt
IP2013H,false,Y.pestis,PY-026,IP2013H,true,/pasteur/zeus/projets/p02/phylo_yersinia/guillem/genomes/IP2013H_S18_L001_R1_001.fastq.gz,/pasteur/zeus/projets/p02/phylo_yersinia/guillem/genomes/IP2013H_S18_L001_R2_001.fastq.gz,,,/pasteur/zeus/projets/p02/Hotpaleo/adrien/Projets/GENOMES/list_adapt_for_removal_paired.txt
RF12,false,Y.pestis,IP275,IP275,true,,,/pasteur/zeus/projets/p02/phylo_yersinia/guillem/genomes/Rawdata_PublicDB_test_Nextflow/SE_PE1/GCA_000168235.2_ASM16823v2_genomic.fna.gz,,/pasteur/zeus/projets/p02/Hotpaleo/adrien/Projets/GENOMES/list_adapt_for_removal_paired.txt
IP506H,false,Y.pestis,55-800,IP506H,true,/pasteur/zeus/projets/p02/phylo_yersinia/guillem/genomes/IP506H_S1_L001_R1_001.fastq.gz,/pasteur/zeus/projets/p02/phylo_yersinia/guillem/genomes/IP506H_S1_L001_R2_001.fastq.gz,,,/pasteur/zeus/projets/p02/Hotpaleo/adrien/Projets/GENOMES/list_adapt_for_removal_paired.txt
IP546H,false,Y.pestis,Nepal,IP546H,true,/pasteur/zeus/projets/p02/phylo_yersinia/guillem/genomes/IP546H_S5_L001_R1_001.fastq.gz,/pasteur/zeus/projets/p02/phylo_yersinia/guillem/genomes/IP546H_S5_L001_R2_001.fastq.gz,,,/pasteur/zeus/projets/p02/Hotpaleo/adrien/Projets/GENOMES/list_adapt_for_removal_paired.txt
IP547H,false,Y.pestis,Dar_Es_Salem,IP547H,true,/pasteur/zeus/projets/p02/phylo_yersinia/guillem/genomes/IP547H_S1_L001_R1_001.fastq.gz,/pasteur/zeus/projets/p02/phylo_yersinia/guillem/genomes/IP547H_S1_L001_R2_001.fastq.gz,,,/pasteur/zeus/projets/p02/Hotpaleo/adrien/Projets/GENOMES/list_adapt_for_removal_paired.txt
IP573H,false,Y.pestis,7793,IP573H,true,/pasteur/zeus/projets/p02/phylo_yersinia/guillem/genomes/IP573H_S14_L001_R1_001.fastq.gz,/pasteur/zeus/projets/p02/phylo_yersinia/guillem/genomes/IP573H_S14_L001_R2_001.fastq.gz,,,/pasteur/zeus/projets/p02/Hotpaleo/adrien/Projets/GENOMES/list_adapt_for_removal_paired.txt
IP592H,false,Y.pestis,28/62,IP592H,true,/pasteur/zeus/projets/p02/phylo_yersinia/guillem/genomes/IP592H_S18_L001_R1_001.fastq.gz,/pasteur/zeus/projets/p02/phylo_yersinia/guillem/genomes/IP592H_S18_L001_R2_001.fastq.gz,,,/pasteur/zeus/projets/p02/Hotpaleo/adrien/Projets/GENOMES/list_adapt_for_removal_paired.txt
IP611H,false,Y.pestis,Japonaise_lyophi,IP611H,true,/pasteur/zeus/projets/p02/phylo_yersinia/guillem/genomes/IP611H_S22_L001_R1_001.fastq.gz,/pasteur/zeus/projets/p02/phylo_yersinia/guillem/genomes/IP611H_S22_L001_R2_001.fastq.gz,,,/pasteur/zeus/projets/p02/Hotpaleo/adrien/Projets/GENOMES/list_adapt_for_removal_paired.txt
KLLR109,true,Y.pestis,LSD001.A,LSD001.A0101.YP1,true,/pasteur/zeus/projets/p02/phylo_yersinia/guillem/genomes/Rawdata_PublicDB_test_Nextflow/SE_PE1/ERR3341124_1.fastq.gz,/pasteur/zeus/projets/p02/phylo_yersinia/guillem/genomes/Rawdata_PublicDB_test_Nextflow/PE2/ERR3341124_2.fastq.gz,,,/pasteur/zeus/projets/p02/Hotpaleo/adrien/Projets/GENOMES/list_adapt_for_removal_paired.txt
KLLR110,true,Y.pestis,LSD001.A,LSD001.A0101.YP2,true,/pasteur/zeus/projets/p02/phylo_yersinia/guillem/genomes/Rawdata_PublicDB_test_Nextflow/SE_PE1/ERR3341125_1.fastq.gz,/pasteur/zeus/projets/p02/phylo_yersinia/guillem/genomes/Rawdata_PublicDB_test_Nextflow/PE2/ERR3341125_2.fastq.gz,,,/pasteur/zeus/projets/p02/Hotpaleo/adrien/Projets/GENOMES/list_adapt_for_removal_paired.txt
C-506,false,Y.pestis,C-506,NCBI_assembly,true ,,,/pasteur/zeus/projets/p02/phylo_yersinia/guillem/genomes/GCF_008630375.fna,,/pasteur/zeus/projets/p02/Hotpaleo/adrien/Projets/GENOMES/list_adapt_for_removal_paired.txt
C-826,false,Y.pestis,C-826,NCBI_assembly,true ,,,/pasteur/zeus/projets/p02/phylo_yersinia/guillem/genomes/GCF_008630455.fna,,/pasteur/zeus/projets/p02/Hotpaleo/adrien/Projets/GENOMES/list_adapt_for_removal_paired.txt
7,false,Y.pestis,7,NCBI_assembly,true,,,/pasteur/zeus/projets/p02/phylo_yersinia/guillem/genomes/GCF_010974835.fna,,/pasteur/zeus/projets/p02/Hotpaleo/adrien/Projets/GENOMES/list_adapt_for_removal_paired.txt
31,false,Y.pestis,31,NCBI_assembly,true,,,/pasteur/zeus/projets/p02/phylo_yersinia/guillem/genomes/GCF_010974855.fna,,/pasteur/zeus/projets/p02/Hotpaleo/adrien/Projets/GENOMES/list_adapt_for_removal_paired.txt
578,false,Y.pestis,578,NCBI_assembly,true,,,/pasteur/zeus/projets/p02/phylo_yersinia/guillem/genomes/GCF_010974845.fna,,/pasteur/zeus/projets/p02/Hotpaleo/adrien/Projets/GENOMES/list_adapt_for_removal_paired.txt
615,false,Y.pestis,615,NCBI_assembly,true,,,/pasteur/zeus/projets/p02/phylo_yersinia/guillem/genomes/GCF_009909635.fna,,/pasteur/zeus/projets/p02/Hotpaleo/adrien/Projets/GENOMES/list_adapt_for_removal_paired.txt
111,false,Y.pestis,111,NCBI_assembly,true,,,/pasteur/zeus/projets/p02/phylo_yersinia/guillem/genomes/GCF_009909645.fna,,/pasteur/zeus/projets/p02/Hotpaleo/adrien/Projets/GENOMES/list_adapt_for_removal_paired.txt
9_10,false,Y.pestis,9_10,NCBI_assembly,true,,,/pasteur/zeus/projets/p02/phylo_yersinia/guillem/genomes/GCF_009909655.fna,,/pasteur/zeus/projets/p02/Hotpaleo/adrien/Projets/GENOMES/list_adapt_for_removal_paired.txt
RF23,false,Y.pestis,Pestoides_A,Pestoides_A,true,,,/pasteur/zeus/projets/p02/phylo_yersinia/guillem/genomes/Rawdata_PublicDB_test_Nextflow/SE_PE1/GCA_000182545.1_ASM18254v1_genomic.fna.gz,,/pasteur/zeus/projets/p02/Hotpaleo/adrien/Projets/GENOMES/list_adapt_for_removal_paired.txt
RF24,false,Y.pestis,Pestoides_F,Pestoides_F,true,,,/pasteur/zeus/projets/p02/phylo_yersinia/guillem/genomes/Rawdata_PublicDB_test_Nextflow/SE_PE1/GCA_000834315.1_ASM83431v1_genomic.fna.gz,,/pasteur/zeus/projets/p02/Hotpaleo/adrien/Projets/GENOMES/list_adapt_for_removal_paired.txt
S14,false,Y.pestis,S14,S14,true,/pasteur/zeus/projets/p02/phylo_yersinia/guillem/genomes/SRR12667592_1.fastq.gz,/pasteur/zeus/projets/p02/phylo_yersinia/guillem/genomes/SRR12667592_2.fastq.gz,,,/pasteur/zeus/projets/p02/Hotpaleo/adrien/Projets/GENOMES/list_adapt_for_removal_paired.txt
S15,false,Y.pestis,S15,S15,true,/pasteur/zeus/projets/p02/phylo_yersinia/guillem/genomes/SRR12667591_1.fastq.gz,/pasteur/zeus/projets/p02/phylo_yersinia/guillem/genomes/SRR12667591_2.fastq.gz,,,/pasteur/zeus/projets/p02/Hotpaleo/adrien/Projets/GENOMES/list_adapt_for_removal_paired.txt
S16,false,Y.pestis,S16,S16,true,/pasteur/zeus/projets/p02/phylo_yersinia/guillem/genomes/SRR12667590_1.fastq.gz,/pasteur/zeus/projets/p02/phylo_yersinia/guillem/genomes/SRR12667590_2.fastq.gz,,,/pasteur/zeus/projets/p02/Hotpaleo/adrien/Projets/GENOMES/list_adapt_for_removal_paired.txt
CUI02,false,Y.pestis,12,SRX028658,true,/pasteur/zeus/projets/p02/phylo_yersinia/guillem/genomes/Rawdata_PublicDB_test_Nextflow/SE_PE1/SRR069094_1.fastq.gz,/pasteur/zeus/projets/p02/phylo_yersinia/guillem/genomes/Rawdata_PublicDB_test_Nextflow/PE2/SRR069094_2.fastq.gz,,,/pasteur/zeus/projets/p02/Hotpaleo/adrien/Projets/GENOMES/list_adapt_for_removal_paired.txt
CUI05,false,Y.pestis,2,SRX028661,true,/pasteur/zeus/projets/p02/phylo_yersinia/guillem/genomes/Rawdata_PublicDB_test_Nextflow/SE_PE1/SRR069097_1.fastq.gz,/pasteur/zeus/projets/p02/phylo_yersinia/guillem/genomes/Rawdata_PublicDB_test_Nextflow/PE2/SRR069097_2.fastq.gz,,,/pasteur/zeus/projets/p02/Hotpaleo/adrien/Projets/GENOMES/list_adapt_for_removal_paired.txt
CUI06,false,Y.pestis,2330,SRX028662,true,/pasteur/zeus/projets/p02/phylo_yersinia/guillem/genomes/Rawdata_PublicDB_test_Nextflow/SE_PE1/SRR069098_1.fastq.gz,/pasteur/zeus/projets/p02/phylo_yersinia/guillem/genomes/Rawdata_PublicDB_test_Nextflow/PE2/SRR069098_2.fastq.gz,,,/pasteur/zeus/projets/p02/Hotpaleo/adrien/Projets/GENOMES/list_adapt_for_removal_paired.txt
CUI07,false,Y.pestis,2504,SRX028663,true,/pasteur/zeus/projets/p02/phylo_yersinia/guillem/genomes/Rawdata_PublicDB_test_Nextflow/SE_PE1/SRR069099_1.fastq.gz,/pasteur/zeus/projets/p02/phylo_yersinia/guillem/genomes/Rawdata_PublicDB_test_Nextflow/PE2/SRR069099_2.fastq.gz,,,/pasteur/zeus/projets/p02/Hotpaleo/adrien/Projets/GENOMES/list_adapt_for_removal_paired.txt
CUI11,false,Y.pestis,735,SRX028667,true,/pasteur/zeus/projets/p02/phylo_yersinia/guillem/genomes/Rawdata_PublicDB_test_Nextflow/SE_PE1/SRR069103_1.fastq.gz,/pasteur/zeus/projets/p02/phylo_yersinia/guillem/genomes/Rawdata_PublicDB_test_Nextflow/PE2/SRR069103_2.fastq.gz,,,/pasteur/zeus/projets/p02/Hotpaleo/adrien/Projets/GENOMES/list_adapt_for_removal_paired.txt
CUI12,false,Y.pestis,34008,SRX028668,true,/pasteur/zeus/projets/p02/phylo_yersinia/guillem/genomes/Rawdata_PublicDB_test_Nextflow/SE_PE1/SRR069104_1.fastq.gz,/pasteur/zeus/projets/p02/phylo_yersinia/guillem/genomes/Rawdata_PublicDB_test_Nextflow/PE2/SRR069104_2.fastq.gz,,,/pasteur/zeus/projets/p02/Hotpaleo/adrien/Projets/GENOMES/list_adapt_for_removal_paired.txt
CUI25,false,Y.pestis,620024,SRX028681,true,/pasteur/zeus/projets/p02/phylo_yersinia/guillem/genomes/Rawdata_PublicDB_test_Nextflow/SE_PE1/SRR069117_1.fastq.gz,/pasteur/zeus/projets/p02/phylo_yersinia/guillem/genomes/Rawdata_PublicDB_test_Nextflow/PE2/SRR069117_2.fastq.gz,,,/pasteur/zeus/projets/p02/Hotpaleo/adrien/Projets/GENOMES/list_adapt_for_removal_paired.txt
CUI27,false,Y.pestis,C1976001,SRX028683,true,/pasteur/zeus/projets/p02/phylo_yersinia/guillem/genomes/Rawdata_PublicDB_test_Nextflow/SE_PE1/SRR069119_1.fastq.gz,/pasteur/zeus/projets/p02/phylo_yersinia/guillem/genomes/Rawdata_PublicDB_test_Nextflow/PE2/SRR069119_2.fastq.gz,,,/pasteur/zeus/projets/p02/Hotpaleo/adrien/Projets/GENOMES/list_adapt_for_removal_paired.txt
CUI30,false,Y.pestis,7338,SRX028686,true,/pasteur/zeus/projets/p02/phylo_yersinia/guillem/genomes/Rawdata_PublicDB_test_Nextflow/SE_PE1/SRR069122_1.fastq.gz,/pasteur/zeus/projets/p02/phylo_yersinia/guillem/genomes/Rawdata_PublicDB_test_Nextflow/PE2/SRR069122_2.fastq.gz,,,/pasteur/zeus/projets/p02/Hotpaleo/adrien/Projets/GENOMES/list_adapt_for_removal_paired.txt
CUI39,false,Y.pestis,D1991004,SRX028695,true,/pasteur/zeus/projets/p02/phylo_yersinia/guillem/genomes/Rawdata_PublicDB_test_Nextflow/SE_PE1/SRR069131_1.fastq.gz,/pasteur/zeus/projets/p02/phylo_yersinia/guillem/genomes/Rawdata_PublicDB_test_Nextflow/PE2/SRR069131_2.fastq.gz,,,/pasteur/zeus/projets/p02/Hotpaleo/adrien/Projets/GENOMES/list_adapt_for_removal_paired.txt
CUI63,false,Y.pestis,CMCC18019,SRX028719,true,/pasteur/zeus/projets/p02/phylo_yersinia/guillem/genomes/Rawdata_PublicDB_test_Nextflow/SE_PE1/SRR069155_1.fastq.gz,/pasteur/zeus/projets/p02/phylo_yersinia/guillem/genomes/Rawdata_PublicDB_test_Nextflow/PE2/SRR069155_2.fastq.gz,,,/pasteur/zeus/projets/p02/Hotpaleo/adrien/Projets/GENOMES/list_adapt_for_removal_paired.txt
CUI73,false,Y.pestis,K21985002,SRX028729,true,/pasteur/zeus/projets/p02/phylo_yersinia/guillem/genomes/Rawdata_PublicDB_test_Nextflow/SE_PE1/SRR069165_1.fastq.gz,/pasteur/zeus/projets/p02/phylo_yersinia/guillem/genomes/Rawdata_PublicDB_test_Nextflow/PE2/SRR069165_2.fastq.gz,,,/pasteur/zeus/projets/p02/Hotpaleo/adrien/Projets/GENOMES/list_adapt_for_removal_paired.txt
CUI81,false,Y.pestis,CMCC71001,SRX028737,true,/pasteur/zeus/projets/p02/phylo_yersinia/guillem/genomes/Rawdata_PublicDB_test_Nextflow/SE_PE1/SRR069173_1.fastq.gz,/pasteur/zeus/projets/p02/phylo_yersinia/guillem/genomes/Rawdata_PublicDB_test_Nextflow/PE2/SRR069173_2.fastq.gz,,,/pasteur/zeus/projets/p02/Hotpaleo/adrien/Projets/GENOMES/list_adapt_for_removal_paired.txt
CUI84,false,Y.pestis,CMCC8211,SRX028740,true,/pasteur/zeus/projets/p02/phylo_yersinia/guillem/genomes/Rawdata_PublicDB_test_Nextflow/SE_PE1/SRR069176_1.fastq.gz,/pasteur/zeus/projets/p02/phylo_yersinia/guillem/genomes/Rawdata_PublicDB_test_Nextflow/PE2/SRR069176_2.fastq.gz,,,/pasteur/zeus/projets/p02/Hotpaleo/adrien/Projets/GENOMES/list_adapt_for_removal_paired.txt
CUI109,false,Y.pestis,MGJZ12,SRX028765,true,/pasteur/zeus/projets/p02/phylo_yersinia/guillem/genomes/Rawdata_PublicDB_test_Nextflow/SE_PE1/SRR069201_1.fastq.gz,/pasteur/zeus/projets/p02/phylo_yersinia/guillem/genomes/Rawdata_PublicDB_test_Nextflow/PE2/SRR069201_2.fastq.gz,,,/pasteur/zeus/projets/p02/Hotpaleo/adrien/Projets/GENOMES/list_adapt_for_removal_paired.txt
CUI112,false,Y.pestis,MGJZ7,SRX028768,true,/pasteur/zeus/projets/p02/phylo_yersinia/guillem/genomes/Rawdata_PublicDB_test_Nextflow/SE_PE1/SRR069204_1.fastq.gz,/pasteur/zeus/projets/p02/phylo_yersinia/guillem/genomes/Rawdata_PublicDB_test_Nextflow/PE2/SRR069204_2.fastq.gz,,,/pasteur/zeus/projets/p02/Hotpaleo/adrien/Projets/GENOMES/list_adapt_for_removal_paired.txt
CUI115,false,Y.pestis,SHAN12,SRX028771,true,/pasteur/zeus/projets/p02/phylo_yersinia/guillem/genomes/Rawdata_PublicDB_test_Nextflow/SE_PE1/SRR069207_1.fastq.gz,/pasteur/zeus/projets/p02/phylo_yersinia/guillem/genomes/Rawdata_PublicDB_test_Nextflow/PE2/SRR069207_2.fastq.gz,,,/pasteur/zeus/projets/p02/Hotpaleo/adrien/Projets/GENOMES/list_adapt_for_removal_paired.txt
CUI123,false,Y.pestis,YN663,SRX028779,true,/pasteur/zeus/projets/p02/phylo_yersinia/guillem/genomes/Rawdata_PublicDB_test_Nextflow/SE_PE1/SRR069215_1.fastq.gz,/pasteur/zeus/projets/p02/phylo_yersinia/guillem/genomes/Rawdata_PublicDB_test_Nextflow/PE2/SRR069215_2.fastq.gz,,,/pasteur/zeus/projets/p02/Hotpaleo/adrien/Projets/GENOMES/list_adapt_for_removal_paired.txt
CUI124,false,Y.pestis,E1979001,SRX028780,true,/pasteur/zeus/projets/p02/phylo_yersinia/guillem/genomes/Rawdata_PublicDB_test_Nextflow/SE_PE1/SRR069216_1.fastq.gz,/pasteur/zeus/projets/p02/phylo_yersinia/guillem/genomes/Rawdata_PublicDB_test_Nextflow/PE2/SRR069216_2.fastq.gz,,,/pasteur/zeus/projets/p02/Hotpaleo/adrien/Projets/GENOMES/list_adapt_for_removal_paired.txt
IP32843,false,Y.pseudotuberculosis,IP32843,unknown,true,/pasteur/zeus/projets/p02/Hotpaleo/common_data/data/ypestis/ypseudo.closest.pestis/IP32843_S74_R1.fastq.gz,/pasteur/zeus/projets/p02/Hotpaleo/common_data/data/ypestis/ypseudo.closest.pestis/IP32843_S74_R2.fastq.gz,,,/pasteur/zeus/projets/p02/Hotpaleo/adrien/Projets/GENOMES/list_adapt_for_removal_paired.txt
IP32983,false,Y.pseudotuberculosis,IP32983,unknown,true,/pasteur/zeus/projets/p02/Hotpaleo/common_data/data/ypestis/ypseudo.closest.pestis/IP32983_S19_R1.fastq.gz,/pasteur/zeus/projets/p02/Hotpaleo/common_data/data/ypestis/ypseudo.closest.pestis/IP32983_S19_R2.fastq.gz,,,/pasteur/zeus/projets/p02/Hotpaleo/adrien/Projets/GENOMES/list_adapt_for_removal_paired.txt
YP0472,false,Y.pseudotuberculosis,IP32921,ERX2006762,true,/pasteur/zeus/projets/p02/Hotpaleo/adrien/Projets/FASTQ/ftp.sra.ebi.ac.uk/vol1/fastq/ERR024/ERR024927/ERR024927_1.fastq.gz,/pasteur/zeus/projets/p02/Hotpaleo/adrien/Projets/FASTQ/ftp.sra.ebi.ac.uk/vol1/fastq/ERR024/ERR024927/ERR024927_2.fastq.gz,,,/pasteur/zeus/projets/p02/Hotpaleo/adrien/Projets/GENOMES/list_adapt_for_removal_paired.txt
ERR6196168,true,Y.pestis,RV20391,unknown,true,/pasteur/zeus/projets/p02/Hotpaleo/adrien/Projets/FASTQ/ftp.sra.ebi.ac.uk/vol1/run/ERR619/ERR6196168/RV2039_I01104-L1_S1_L001_R1_001.fastq.gz,/pasteur/zeus/projets/p02/Hotpaleo/adrien/Projets/FASTQ/ftp.sra.ebi.ac.uk/vol1/run/ERR619/ERR6196168/RV2039_I01104-L1_S1_L001_R2_001.fastq.gz,,,/pasteur/zeus/projets/p02/Hotpaleo/adrien/Projets/GENOMES/list_adapt_for_removal_paired.txt
ERR2112553,true,ypestis,RK1001,RK1.001.C0101,true,/pasteur/zeus/projets/p02/Hotpaleo/adrien/Projets/FASTQ/ftp.sra.ebi.ac.uk/vol1/fastq/ERR211/003/ERR2112553/ERR2112553_1.fastq.gz,/pasteur/zeus/projets/p02/Hotpaleo/adrien/Projets/FASTQ/ftp.sra.ebi.ac.uk/vol1/fastq/ERR211/003/ERR2112553/ERR2112553_2.fastq.gz,,,/pasteur/zeus/projets/p02/Hotpaleo/adrien/Projets/GENOMES/list_adapt_for_removal_paired.txt
ERR2112554,true,ypestis,RK1001,RK1.001.C0101,true,/pasteur/zeus/projets/p02/Hotpaleo/adrien/Projets/FASTQ/ftp.sra.ebi.ac.uk/vol1/fastq/ERR211/004/ERR2112554/ERR2112554_1.fastq.gz,/pasteur/zeus/projets/p02/Hotpaleo/adrien/Projets/FASTQ/ftp.sra.ebi.ac.uk/vol1/fastq/ERR211/004/ERR2112554/ERR2112554_2.fastq.gz,,,/pasteur/zeus/projets/p02/Hotpaleo/adrien/Projets/GENOMES/list_adapt_for_removal_paired.txt
ERR2112555,true,ypestis,RK1001,RK1.001.C0101,true,/pasteur/zeus/projets/p02/Hotpaleo/adrien/Projets/FASTQ/ftp.sra.ebi.ac.uk/vol1/fastq/ERR211/005/ERR2112555/ERR2112555_1.fastq.gz,/pasteur/zeus/projets/p02/Hotpaleo/adrien/Projets/FASTQ/ftp.sra.ebi.ac.uk/vol1/fastq/ERR211/005/ERR2112555/ERR2112555_2.fastq.gz,,,/pasteur/zeus/projets/p02/Hotpaleo/adrien/Projets/GENOMES/list_adapt_for_removal_paired.txt
ERR2112556,true,ypestis,RK1001,RK1.001.C0101,true,/pasteur/zeus/projets/p02/Hotpaleo/adrien/Projets/FASTQ/ftp.sra.ebi.ac.uk/vol1/fastq/ERR211/006/ERR2112556/ERR2112556_1.fastq.gz,/pasteur/zeus/projets/p02/Hotpaleo/adrien/Projets/FASTQ/ftp.sra.ebi.ac.uk/vol1/fastq/ERR211/006/ERR2112556/ERR2112556_2.fastq.gz,,,/pasteur/zeus/projets/p02/Hotpaleo/adrien/Projets/GENOMES/list_adapt_for_removal_paired.txt
ERR2112557,true,ypestis,RK1001,RK1.001.C0101,true,/pasteur/zeus/projets/p02/Hotpaleo/adrien/Projets/FASTQ/ftp.sra.ebi.ac.uk/vol1/fastq/ERR211/007/ERR2112557/ERR2112557_1.fastq.gz,/pasteur/zeus/projets/p02/Hotpaleo/adrien/Projets/FASTQ/ftp.sra.ebi.ac.uk/vol1/fastq/ERR211/007/ERR2112557/ERR2112557_2.fastq.gz,,,/pasteur/zeus/projets/p02/Hotpaleo/adrien/Projets/GENOMES/list_adapt_for_removal_paired.txt
ERR2112558,true,ypestis,RK1001,RK1.001.C0101,true,/pasteur/zeus/projets/p02/Hotpaleo/adrien/Projets/FASTQ/ftp.sra.ebi.ac.uk/vol1/fastq/ERR211/008/ERR2112558/ERR2112558_1.fastq.gz,/pasteur/zeus/projets/p02/Hotpaleo/adrien/Projets/FASTQ/ftp.sra.ebi.ac.uk/vol1/fastq/ERR211/008/ERR2112558/ERR2112558_2.fastq.gz,,,/pasteur/zeus/projets/p02/Hotpaleo/adrien/Projets/GENOMES/list_adapt_for_removal_paired.txt
ERR2112559,true,ypestis,RK1001,RK1.001.C0101,true,/pasteur/zeus/projets/p02/Hotpaleo/adrien/Projets/FASTQ/ftp.sra.ebi.ac.uk/vol1/fastq/ERR211/009/ERR2112559/ERR2112559_1.fastq.gz,/pasteur/zeus/projets/p02/Hotpaleo/adrien/Projets/FASTQ/ftp.sra.ebi.ac.uk/vol1/fastq/ERR211/009/ERR2112559/ERR2112559_2.fastq.gz,,,/pasteur/zeus/projets/p02/Hotpaleo/adrien/Projets/GENOMES/list_adapt_for_removal_paired.txt
ERR2112560,true,ypestis,RK1001,RK1.001.C0101,true,/pasteur/zeus/projets/p02/Hotpaleo/adrien/Projets/FASTQ/ftp.sra.ebi.ac.uk/vol1/fastq/ERR211/000/ERR2112560/ERR2112560_1.fastq.gz,/pasteur/zeus/projets/p02/Hotpaleo/adrien/Projets/FASTQ/ftp.sra.ebi.ac.uk/vol1/fastq/ERR211/000/ERR2112560/ERR2112560_2.fastq.gz,,,/pasteur/zeus/projets/p02/Hotpaleo/adrien/Projets/GENOMES/list_adapt_for_removal_paired.txt
ERR2112561,true,ypestis,RK1001,RK1.001.C0101,true,/pasteur/zeus/projets/p02/Hotpaleo/adrien/Projets/FASTQ/ftp.sra.ebi.ac.uk/vol1/fastq/ERR211/001/ERR2112561/ERR2112561_1.fastq.gz,/pasteur/zeus/projets/p02/Hotpaleo/adrien/Projets/FASTQ/ftp.sra.ebi.ac.uk/vol1/fastq/ERR211/001/ERR2112561/ERR2112561_2.fastq.gz,,,/pasteur/zeus/projets/p02/Hotpaleo/adrien/Projets/GENOMES/list_adapt_for_removal_paired.txt
ERR2112562,true,ypestis,RK1001,RK1.001.C0101,true,/pasteur/zeus/projets/p02/Hotpaleo/adrien/Projets/FASTQ/ftp.sra.ebi.ac.uk/vol1/fastq/ERR211/002/ERR2112562/ERR2112562_1.fastq.gz,/pasteur/zeus/projets/p02/Hotpaleo/adrien/Projets/FASTQ/ftp.sra.ebi.ac.uk/vol1/fastq/ERR211/002/ERR2112562/ERR2112562_2.fastq.gz,,,/pasteur/zeus/projets/p02/Hotpaleo/adrien/Projets/GENOMES/list_adapt_for_removal_paired.txt
ERR2112563,true,ypestis,RK1001,RK1.001.C0101,true,/pasteur/zeus/projets/p02/Hotpaleo/adrien/Projets/FASTQ/ftp.sra.ebi.ac.uk/vol1/fastq/ERR211/003/ERR2112563/ERR2112563_1.fastq.gz,/pasteur/zeus/projets/p02/Hotpaleo/adrien/Projets/FASTQ/ftp.sra.ebi.ac.uk/vol1/fastq/ERR211/003/ERR2112563/ERR2112563_2.fastq.gz,,,/pasteur/zeus/projets/p02/Hotpaleo/adrien/Projets/GENOMES/list_adapt_for_removal_paired.txt
ERR2112564,true,ypestis,RK1001,RK1.001.C0101,true,/pasteur/zeus/projets/p02/Hotpaleo/adrien/Projets/FASTQ/ftp.sra.ebi.ac.uk/vol1/fastq/ERR211/004/ERR2112564/ERR2112564_1.fastq.gz,/pasteur/zeus/projets/p02/Hotpaleo/adrien/Projets/FASTQ/ftp.sra.ebi.ac.uk/vol1/fastq/ERR211/004/ERR2112564/ERR2112564_2.fastq.gz,,,/pasteur/zeus/projets/p02/Hotpaleo/adrien/Projets/GENOMES/list_adapt_for_removal_paired.txt
ERR2112565,true,ypestis,RK1001,RK1.001.C0101,true,/pasteur/zeus/projets/p02/Hotpaleo/adrien/Projets/FASTQ/ftp.sra.ebi.ac.uk/vol1/fastq/ERR211/005/ERR2112565/ERR2112565_1.fastq.gz,/pasteur/zeus/projets/p02/Hotpaleo/adrien/Projets/FASTQ/ftp.sra.ebi.ac.uk/vol1/fastq/ERR211/005/ERR2112565/ERR2112565_2.fastq.gz,,,/pasteur/zeus/projets/p02/Hotpaleo/adrien/Projets/GENOMES/list_adapt_for_removal_paired.txt
ERR2112566,true,ypestis,RK1001,RK1.001.C0101,true,/pasteur/zeus/projets/p02/Hotpaleo/adrien/Projets/FASTQ/ftp.sra.ebi.ac.uk/vol1/fastq/ERR211/006/ERR2112566/ERR2112566_1.fastq.gz,/pasteur/zeus/projets/p02/Hotpaleo/adrien/Projets/FASTQ/ftp.sra.ebi.ac.uk/vol1/fastq/ERR211/006/ERR2112566/ERR2112566_2.fastq.gz,,,/pasteur/zeus/projets/p02/Hotpaleo/adrien/Projets/GENOMES/list_adapt_for_removal_paired.txt
ERR2112567,true,ypestis,RK1001,RK1.001.C0101,true,/pasteur/zeus/projets/p02/Hotpaleo/adrien/Projets/FASTQ/ftp.sra.ebi.ac.uk/vol1/fastq/ERR211/007/ERR2112567/ERR2112567_1.fastq.gz,/pasteur/zeus/projets/p02/Hotpaleo/adrien/Projets/FASTQ/ftp.sra.ebi.ac.uk/vol1/fastq/ERR211/007/ERR2112567/ERR2112567_2.fastq.gz,,,/pasteur/zeus/projets/p02/Hotpaleo/adrien/Projets/GENOMES/list_adapt_for_removal_paired.txt
ERR2112568,true,ypestis,RK1001,RK1.001.C0101,true,/pasteur/zeus/projets/p02/Hotpaleo/adrien/Projets/FASTQ/ftp.sra.ebi.ac.uk/vol1/fastq/ERR211/008/ERR2112568/ERR2112568_1.fastq.gz,/pasteur/zeus/projets/p02/Hotpaleo/adrien/Projets/FASTQ/ftp.sra.ebi.ac.uk/vol1/fastq/ERR211/008/ERR2112568/ERR2112568_2.fastq.gz,,,/pasteur/zeus/projets/p02/Hotpaleo/adrien/Projets/GENOMES/list_adapt_for_removal_paired.txt
ERR2112583,true,ypestis,RK1001,RK1.001.C0101,false,/pasteur/zeus/projets/p02/Hotpaleo/adrien/Projets/FASTQ/ftp.sra.ebi.ac.uk/vol1/fastq/ERR211/003/ERR2112583/ERR2112583.fastq.gz,,,,/pasteur/zeus/projets/p02/Hotpaleo/adrien/Projets/GENOMES/list_adapt_for_removal_single.txt
ERR2112584,true,ypestis,RK1001,RK1.001.C0101,false,/pasteur/zeus/projets/p02/Hotpaleo/adrien/Projets/FASTQ/ftp.sra.ebi.ac.uk/vol1/fastq/ERR211/004/ERR2112584/ERR2112584.fastq.gz,,,,/pasteur/zeus/projets/p02/Hotpaleo/adrien/Projets/GENOMES/list_adapt_for_removal_single.txt
ERR2112585,true,ypestis,RK1001,RK1.001.C0101,false,/pasteur/zeus/projets/p02/Hotpaleo/adrien/Projets/FASTQ/ftp.sra.ebi.ac.uk/vol1/fastq/ERR211/005/ERR2112585/ERR2112585.fastq.gz,,,,/pasteur/zeus/projets/p02/Hotpaleo/adrien/Projets/GENOMES/list_adapt_for_removal_single.txt
ERR2112586,true,ypestis,RK1001,RK1.001.C0101,false,/pasteur/zeus/projets/p02/Hotpaleo/adrien/Projets/FASTQ/ftp.sra.ebi.ac.uk/vol1/fastq/ERR211/006/ERR2112586/ERR2112586.fastq.gz,,,,/pasteur/zeus/projets/p02/Hotpaleo/adrien/Projets/GENOMES/list_adapt_for_removal_single.txt
